"","depth","mean","n","se"
"1","D",0.192829081118421,76,0.00918319468970232
"2","S",0.369004028666667,96,0.00974119799719939
